x_c,cp_extrados,cp_intrados,cp_intrados_menos_extrados
0.0,0.3074054575572236,0.3074054575572236,0.0
0.005,-1.008267817761193,0.9479555599376204,1.9562233776988134
0.01,-1.14195992791688,0.7646048405595828,1.9065647684764628
0.015,-1.171738786877254,0.617320457176055,1.789059244053309
0.02,-1.1727275225939917,0.5077438572195346,1.6804713798135262
0.025,-1.1636732638439955,0.4245891945407908,1.5882624583847864
0.03,-1.1508776992962337,0.359772566459372,1.5106502657556058
0.035,-1.1368103571476216,0.30804491115344385,1.4448552683010654
0.04,-1.1225229214876695,0.26595025129587796,1.3884731727835475
0.045,-1.108476804630766,0.23114722426435472,1.3396240288951207
0.05,-1.0948683419673368,0.20199644588110288,1.2968647878484396
0.055,-1.0817689947041638,0.1773188088643264,1.2590878035684903
0.06,-1.0691901866032927,0.1562425694744325,1.2254327560777252
0.065,-1.0571147415797755,0.13811184117016245,1.195226582749938
0.07,-1.0455125421848614,0.12242074616389576,1.1679332883487572
0.075,-1.0343486484612934,0.10877410939848958,1.143122757859783
0.08,-1.0235874518713624,0.09685810760448782,1.1204455594758502
0.085,-1.013194648015675,0.08642072625205435,1.0996153742677295
0.09,-1.0031381065421408,0.07725601978012403,1.0803941263222647
0.095,-0.993388425339551,0.06919496712593405,1.062583392465485
0.1,-0.9839188256680806,0.06209702849136195,1.0460158541594426
0.105,-0.9747051556879348,0.05584480521720668,1.0305499609051414
0.11,-0.9657255370314813,0.05033835631699415,1.0160638933484756
0.115,-0.9569604281008484,0.04549352705442878,1.0024539551552771
0.12,-0.9483921254761094,0.041237544451029,0.9896296699271384
0.125,-0.9400047252598714,0.03750802372767677,0.9775127489875483
0.13,-0.9317838928847939,0.03425106323594227,0.9660349561207362
0.135,-0.9237167069828608,0.03141944348716073,0.9551361504700215
0.14,-0.9157914828574428,0.028972014662400174,0.944763497519843
0.145,-0.9079976526296886,0.026872372587303985,0.9348700252169926
0.15,-0.9003256215609446,0.02508860132356746,0.9254142228845121
0.155,-0.8927667053642542,0.023592273774363102,0.9163589791386173
0.16,-0.8853129544327626,0.022358339373520695,0.9076712938062833
0.165,-0.8779571572364372,0.02136410473277341,0.8993212619692106
0.17,-0.8706927155550087,0.02058946781577973,0.8912821833707885
0.17500000000000002,-0.8635136454426032,0.020016265142988925,0.8835299105855922
0.18,-0.8564143722664315,0.01962832512571086,0.8760426973921424
0.185,-0.8493898738412365,0.01941075121399604,0.8688006250552326
0.19,-0.8424355058471009,0.019350279966244898,0.8617857858133459
0.195,-0.8355469719059709,0.019434805263940192,0.8549817771699111
0.2,-0.828720295909986,0.019653265096129944,0.8483735610061159
0.20500000000000002,-0.8219519057589576,0.019995619461785904,0.8419475252207435
0.21,-0.8152383846572054,0.02045270667890775,0.8356910913361132
0.215,-0.8085766378232307,0.02101613374929489,0.8295927715725256
0.22,-0.801963784501893,0.021678149399747413,0.8236419339016404
0.225,-0.795397141973423,0.022431674905336593,0.8178288168787596
0.23,-0.7888742360511581,0.023270182647738596,0.8121444186988968
0.23500000000000001,-0.7823927628855744,0.02418773208731671,0.8065804949728911
0.24,-0.7759505605478169,0.025178649140484614,0.8011292096883015
0.245,-0.7695456209413492,0.026237913661626092,0.7957835346029752
0.25,-0.7631760865485094,0.02736068511969513,0.7905367716682046
0.255,-0.7568402164821993,0.028542575536627483,0.7853827920188269
0.26,-0.750536378439936,0.029779496708861212,0.7803158751487973
0.265,-0.7442630412306318,0.031067637242372593,0.7753306784730044
0.27,-0.7380187678337475,0.03240344151096184,0.7704222093447094
0.275,-0.7318022252253502,0.033783590361954406,0.7655858155873047
0.28,-0.7256121676245076,0.03520502366919762,0.7608171912937053
0.28500000000000003,-0.7194473993188361,0.036664843746228304,0.7561122430650644
0.29,-0.7133068105620848,0.03816035038155943,0.7514671609436442
0.295,-0.7071893819355746,0.03968900834703316,0.7468783902826077
0.3,-0.7010941097335667,0.04124848779881068,0.7423425975323773
0.305,-0.6950200726015269,0.04283653357222473,0.7378566061737516
0.31,-0.6889663999699173,0.04445106733291924,0.7334174673028365
0.315,-0.6829322688812492,0.04609013239966116,0.7290224012809104
0.32,-0.676916901023057,0.04775188568769752,0.7246687867107545
0.325,-0.6709195630189195,0.0494345902280135,0.7203541532469331
0.33,-0.6649395740397426,0.05113660821734472,0.7160761822570872
0.335,-0.658976257751934,0.052856398159525274,0.7118326559114593
0.34,-0.6530289952209202,0.054592519650737775,0.7076215148716579
0.34500000000000003,-0.6470972114104865,0.05634357411698389,0.7034407855274704
0.35000000000000003,-0.6411803261954564,0.05810827108318804,0.6992885972786445
0.355,-0.6352778289989374,0.059885384658260446,0.6951632136571978
0.36,-0.629389202581658,0.06167374246443251,0.6910629450460904
0.365,-0.6235139650415986,0.06347224596316497,0.6869862110047635
0.37,-0.6176516792822475,0.06527985126506737,0.6829315305473149
0.375,-0.6118018961491025,0.06709555802674204,0.6788974541758446
0.38,-0.6059642034853655,0.06891842973615428,0.6748826332215198
0.385,-0.6001382088149861,0.07074757324976864,0.6708857820647548
0.39,-0.5943235372245687,0.07258213189612303,0.6669056691206917
0.395,-0.5885198303451634,0.07442129661203827,0.6629411269572016
0.4,-0.5827267453901768,0.07626429658156764,0.6589910419717444
0.405,-0.5769439542459077,0.07811039703484819,0.655054351280756
0.41000000000000003,-0.5711711426113967,0.07995889717527159,0.6511300397866683
0.41500000000000004,-0.5654080091844739,0.08180912822656415,0.647217137411038
0.42,-0.5596542648911157,0.08366045159191848,0.6433147164830342
0.425,-0.5539096321553271,0.0855122571179039,0.639421889273231
0.43,-0.5481738442069862,0.08736396145634832,0.6355378056633345
0.435,-0.5424466444251858,0.08921500651785977,0.6316616509430455
0.44,-0.5367277942726512,0.09106485801108544,0.6277926522837366
0.445,-0.5310170492626317,0.09291300216307194,0.6239300514257037
0.45,-0.5253141777510042,0.094758947752349,0.6200731255033531
0.455,-0.5196189599694926,0.09660222445823279,0.6162211844277253
0.46,-0.5139311892396137,0.09844237999838083,0.6123735692379945
0.465,-0.508250647362549,0.1002789746140322,0.6085296219765812
0.47000000000000003,-0.5025771363525724,0.10211159115173603,0.6046887275043085
0.47500000000000003,-0.4969104668524549,0.1039398291054577,0.6008502959579126
0.48,-0.49125043855009376,0.10576329366575386,0.5970137322158476
0.485,-0.48559687599738777,0.1075816111809245,0.5931784871783122
0.49,-0.4799495930630911,0.10939442453743851,0.5893440176005296
0.495,-0.474308413719881,0.11120137044042927,0.5855097841603103
0.5,-0.46867317049985746,0.11300212164691303,0.5816752921467705
0.505,-0.4630436860248971,0.1147963441632303,0.5778400301881274
0.51,-0.4574198064466548,0.1165837169379416,0.5740035233845964
0.515,-0.45180135614203254,0.1183639392744149,0.5701652954164474
0.52,-0.4461881870294303,0.12013669415933392,0.5663248811887642
0.525,-0.44058013032181315,0.12190170765282923,0.5624818379746424
0.53,-0.43497703871473925,0.12365867550872772,0.558635714223467
0.535,-0.4293787507179148,0.12540733511503915,0.554786085832954
0.54,-0.4237851186122144,0.1271474029705716,0.550932521582786
0.545,-0.4181959863957361,0.12887861893692085,0.547074605332657
0.55,-0.41261120517094885,0.13060072103894674,0.5432119262098956
0.555,-0.4070306231894351,0.13231344849578755,0.5393440716852227
0.56,-0.4014540891680162,0.13401656062953304,0.5354706497975492
0.5650000000000001,-0.39588145479962467,0.13570979186376372,0.5315912466633884
0.5700000000000001,-0.39031256489191424,0.13739292067537784,0.527705485567292
0.5750000000000001,-0.3847472740376958,0.1390656811768688,0.5238129552145646
0.58,-0.37918542288780444,0.1407278559396037,0.5199132788274081
0.585,-0.3736268641239874,0.14237919876667363,0.516006062890661
0.59,-0.36807143846860835,0.14401947330319348,0.5120909117718018
0.595,-0.3625189899483586,0.145648460749144,0.5081674506975027
0.6,-0.35696936268927776,0.147265905130465,0.5042352678197428
0.605,-0.35142239188284646,0.14887159475917497,0.5002939866420214
0.61,-0.3458779161408801,0.15046530073371372,0.4963432168745938
0.615,-0.34033576994579545,0.15204676781923007,0.4923825377650255
0.62,-0.3347957815823923,0.15361578554338798,0.48841156712578027
0.625,-0.3292577784499749,0.15517212050851772,0.48442989895849264
0.63,-0.32372158557688874,0.15671553041620712,0.48043711599309585
0.635,-0.3181870204512952,0.15824577282389257,0.4764327932751878
0.64,-0.31265389731424614,0.15976262022291876,0.4724165175371649
0.645,-0.3071220258822011,0.16126582972374337,0.4683878556059445
0.65,-0.3015912105085181,0.16275515519734193,0.4643463657058601
0.655,-0.29606124978229337,0.16423034684793272,0.4602915966302261
0.66,-0.2905319361109757,0.16569115077594743,0.45622308688692315
0.665,-0.2850030552854458,0.16713730852982178,0.45214036381526757
0.67,-0.2794743860262088,0.16856855664511497,0.4480429426713237
0.675,-0.27394569950924613,0.16998462616940693,0.4439303256786531
0.68,-0.26841675887000976,0.17138524217136242,0.4398020010413722
0.685,-0.26288731868392134,0.1727701232322578,0.43565744191617917
0.6900000000000001,-0.2573571244216598,0.17413898091819133,0.43149610533985117
0.6950000000000001,-0.2518259114245366,0.17549151923109965,0.4273174306556362
0.7000000000000001,-0.2462934034754879,0.17682741720714104,0.4231208206826289
0.705,-0.24075931597261413,0.17814636129104,0.41890567726365413
0.71,-0.2352233491149992,0.17944804050764562,0.4146713896226448
0.715,-0.2296851920871066,0.1807320815012978,0.4104172735884044
0.72,-0.22414451942000965,0.18199816874307487,0.4061426881630845
0.725,-0.2186009931362332,0.18324589777835057,0.4018468909145838
0.73,-0.2130542531517569,0.18447492087567638,0.39752917402743326
0.735,-0.2075039308813257,0.1856848290817367,0.3931887599630624
0.74,-0.201949635124814,0.1868751937267097,0.3888248288515237
0.745,-0.19639095526549136,0.1880455998475457,0.3844365551130371
0.75,-0.19082746000663495,0.18919559271460312,0.38002305272123804
0.755,-0.18525869602353562,0.19032469804334443,0.37558339406688
0.76,-0.1796841865240957,0.19143242069774744,0.37111660722184314
0.765,-0.1741034297104952,0.19251823744374305,0.3666216671542383
0.77,-0.1685158890899709,0.19358158181843935,0.36209747090841027
0.775,-0.1629210072861214,0.19462190641203328,0.3575429136981547
0.78,-0.15731818769761471,0.19563857594201609,0.3529567636396308
0.785,-0.15170680514441842,0.19663097248638636,0.34833777763080476
0.79,-0.1460861837719884,0.19759837369086528,0.34368455746285365
0.795,-0.14045561722365743,0.19854008490154496,0.33899570212520236
0.8,-0.13481435208739506,0.1994553342918043,0.33426968637919935
0.805,-0.1291615790398975,0.2003433057026794,0.3295048847425769
0.81,-0.12349643884886789,0.20120312302943316,0.32469956187830107
0.8150000000000001,-0.11781802481460908,0.20203384595486742,0.3198518707694765
0.8200000000000001,-0.11212533218014138,0.20283451134058547,0.31495984352072687
0.8250000000000001,-0.10641732297415454,0.20360402855235588,0.31002135152651045
0.8300000000000001,-0.10069285891932406,0.20434125926079733,0.3050341181801214
0.835,-0.09495071896523617,0.20504498606802116,0.29999570503325734
0.84,-0.0891895919729452,0.2057138674622551,0.2949034594352003
0.845,-0.08340802997319689,0.20634647800233125,0.28975450797552815
0.85,-0.07760451250572385,0.20694127154337982,0.2845457840491037
0.855,-0.07177735085030056,0.20749656140450587,0.2792739122548064
0.86,-0.06592471514588284,0.20801050448168695,0.2739352196275698
0.865,-0.06004461368086249,0.20848111282256399,0.2685257265034265
0.87,-0.05413483693170104,0.20890615897616516,0.2630409959078662
0.875,-0.04819298674180821,0.20928325494427677,0.25747624168608496
0.88,-0.04221639133236464,0.20960973137802613,0.2518261227103908
0.885,-0.0362021170386086,0.20988262214282305,0.24608473918143164
0.89,-0.030146867904720133,0.21009865635525826,0.2402455242599784
0.895,-0.024046968152459047,0.21025415340169326,0.2343011215541523
0.9,-0.01789832465166121,0.21034500169742054,0.22824332634908176
0.905,-0.011696256818255766,0.21036653587138984,0.2220627926896456
0.91,-0.00543550386774325,0.21031349124581292,0.21574899511355616
0.915,0.0008900106726885812,0.21017977935773366,0.2092897686850451
0.92,0.007287223738638437,0.2099584813701029,0.20267125763146446
0.925,0.013764250989244407,0.2096414504804634,0.19587719949121898
0.93,0.02033055906003991,0.20921924794609084,0.18888868888605093
0.935,0.02699740629976659,0.20868063125364378,0.18168322495387718
0.9400000000000001,0.03377826306776105,0.20801209520951874,0.1742338321417577
0.9450000000000001,0.04068950981938198,0.20719725804479622,0.16650774822541425
0.9500000000000001,0.04775141485630433,0.20621588996789916,0.15846447511159484
0.9550000000000001,0.05498952948656152,0.20504243225103944,0.1500529027644779
0.96,0.06243672530479679,0.20364399844507536,0.14120727314027856
0.965,0.07013680209198647,0.2019768059712253,0.13184000387923883
0.97,0.07814983599809604,0.19998079778990185,0.12183096179180582
0.975,0.08656261734539829,0.19756909922487817,0.11100648187947988
0.98,0.09550868984842763,0.19460833579341957,0.09909964594499195
0.985,0.10521312481985795,0.1908732800584512,0.08566015523859324
0.99,0.11611581686869885,0.18592413302409008,0.06980831615539124
0.995,0.12935495249570125,0.1786226193947607,0.049267666899059454
1.0,0.15694969465059583,0.15694969465059583,0.0
